pdf,mm_yyyy,company,amount,currency,adjudicadora,tipo,tramitacion,procedimiento,model,time,adjudicadora_grouped,company_grouped
BOE-B-2016-1394.pdf,2016-01-01,prosegur españa s.l.,1497980.0,EUR,universidad de vigo,Contrato de Servicios,Ordinaria,Procedimiento Abierto,phi3,224.87,Otros,Otros
BOE-B-2016-1121.pdf,2016-01-01,eulen s.a.,873120.0,EUR,universidad de las palmas de gran canaria,Contrato de Servicios,Ordinaria,Procedimiento Abierto,phi3,236.11,Otros,Otros
BOE-B-2016-2353.pdf,2016-01-01,ohl servicios ingesan s.a.,2190696.77,EUR,hospital clínic de barcelona,Contrato de Servicios,Ordinaria,Procedimiento Abierto,phi3,210.22,Otros,Otros
BOE-B-2016-1614.pdf,2016-01-01,omfe s.a.; fresenius kabi españa s.a.u.; laboratorios salvat s.a. y meda pharma s.a.,353.978,EUR,organismo autónomo madrid salud,Contrato de Suministros,Ordinaria,Procedimiento Abierto,phi3,298.65,Otros,Otros
BOE-B-2016-2205.pdf,2016-01-01,mdl distribución logística s.a.,621000.0,EUR,instituto nacional de la seguridad social,Contrato de Servicios,Ordinaria,Procedimiento Abierto,phi3,224.16,Otros,Otros
BOE-B-2016-2509.pdf,2016-01-01,acsa s.a. - s.a. agricultores de la vega de valencia - depuración de aguas del mediterráneo s.l.,348320.22,EUR,agencia catalana del agua,Contrato de Servicios,Ordinaria,Procedimiento Abierto,phi3,260.92,Otros,Otros
BOE-B-2016-391.pdf,2016-01-01,sabico seguridad s.a.,285000.0,EUR,dirección provincial de la tesorería general de la seguridad social de asturias,Contrato de Servicios,Ordinaria,Procedimiento Abierto,phi3,225.27,Otros,Otros
BOE-B-2016-871.pdf,2016-01-01,s.s. hard sociedad limitada,295000.0,EUR,dirección de gestión económica y recursos generales,Contrato de Suministros,Ordinaria,Procedimiento Abierto,phi3,234.24,Otros,Otros
BOE-B-2016-2519.pdf,2016-01-01,praxair españa s.l.,2215110.55,EUR,servicio andaluz de salud,Contrato de Suministros,Ordinaria,Procedimiento Abierto,phi3,200.71,servicio andaluz de salud,Otros
BOE-B-2016-965.pdf,2016-01-01,sebia hispania s.a.,1922791.0,EUR,osakidetza-servicio vasco de salud,Contrato de Suministros,Ordinaria,Procedimiento Abierto,phi3,232.95,osakidetza-servicio vasco de salud,Otros
BOE-B-2016-735.pdf,2016-01-01,ute formada por constructora civil sostenible s.a.u. y aglomerados carrión s.a.,668443.88,EUR,junta de gobierno local. ayuntamiento de pozuelo de alarcón,Contrato de Obras,Urgente,Procedimiento Abierto,phi3,222.07,Otros,Otros
BOE-B-2016-5126.pdf,2016-02-01,axa seguros generales s.a. de seguros y reaseguros,128330.0,EUR,ayuntamiento de getxo,,Ordinaria,Procedimiento Abierto,phi3,240.64,Otros,Otros
BOE-B-2016-4713.pdf,2016-02-01,sociedad ibérica de construcciones eléctricas s.a.,971861.64,EUR,departamento de territorio y sostenibilidad,Contrato de Servicios,Ordinaria,Procedimiento Abierto,phi3,251.2,Otros,Otros
BOE-B-2016-4247.pdf,2016-02-01,medtronic ibérica s.a,166407.82,EUR,servicio madrileño de salud hospital universitario '12 de octubre',Contrato de Suministros,Ordinaria,Procedimiento Abierto,phi3,255.02,Otros,Otros
BOE-B-2016-4552.pdf,2016-02-01,servei d'ensenyament i assessorament esportiu s.a.,655360.67,EUR,ayuntamiento de l'hospitalet de llobregat,Contrato de Servicios,Ordinaria,Procedimiento Abierto,phi3,247.88,Otros,Otros
BOE-B-2016-5379.pdf,2016-02-01,instituto grifols s.a. sandoz farmaceutica s.a. teva pharma s.l.u. merck sharp dohme de españa s.a. y roche farma s.a.,433894.3,EUR,osakidetza-servicio vasco de salud,Contrato de Suministros,Ordinaria,Procedimiento Abierto,phi3,365.42,osakidetza-servicio vasco de salud,Otros
BOE-B-2016-6525.pdf,2016-02-01,valoriza facilities s.a.,1911165.0,EUR,universitat pompeu fabra,Contrato de Servicios,Ordinaria,Procedimiento Abierto,phi3,229.62,Otros,Otros
BOE-B-2016-4895.pdf,2016-02-01,sureste seguridad s.l. y sur este sistemas de seguridad s.a.,278300.0,EUR,dirección provincial de la tesorería general de la seguridad social de salamanca,Contrato de Servicios,Ordinaria,Procedimiento Abierto,phi3,232.54,Otros,Otros
BOE-B-2016-9964.pdf,2016-03-01,life care s.l,2620210.9,EUR,instituto nacional de gestión sanitaria,Contrato de Obras,Ordinaria,Procedimiento Abierto,phi3,271.65,Otros,life care s.l
BOE-B-2016-8224.pdf,2016-03-01,mundo management s.a.,219217.56,EUR,ayuntamiento de ávila,Contrato de Suministros,Ordinaria,Procedimiento Abierto,phi3,231.35,Otros,Otros
BOE-B-2016-7619.pdf,2016-03-01,externalia object s.l.,1302492.45,EUR,ayuntamiento de la garriga,Contrato de Servicios,Ordinaria,Procedimiento Abierto,phi3,217.05,Otros,Otros
BOE-B-2016-8208.pdf,2016-03-01,abbott laboratories s.a,144000.12,EUR,hospital clínic de barcelona,Contrato de Suministros,Ordinaria,Procedimiento Abierto,phi3,263.61,Otros,Otros
BOE-B-2016-11582.pdf,2016-03-01,endesa energía s.a.u,523035.44,EUR,agencia de servicios sociales y dependencia de andalucía,Contrato de Suministros,Ordinaria,Procedimiento Abierto,phi3,225.53,Otros,Otros
BOE-B-2016-8183.pdf,2016-03-01,rohde & schwarz españa sociedad anónima,801000.0,EUR,dirección de abastecimiento y transportes,Contrato de Servicios,Ordinaria,Procedimiento Negociado,phi3,213.93,Otros,Otros
BOE-B-2016-10889.pdf,2016-03-01,talleres ranzari,657900.0,EUR,hospital santa marina,Contrato de Servicios,Ordinaria,Procedimiento Abierto,phi3,296.43,Otros,Otros
BOE-B-2016-7291.pdf,2016-03-01,técnicas y sistemas de conservación s.a.,1000498.23,EUR,departamento de trabajo asuntos sociales y familias de la generalitat de catalunya,Contrato de Servicios,Ordinaria,Procedimiento Abierto,phi3,239.23,Otros,Otros
BOE-B-2016-16957.pdf,2016-04-01,varios,849025.11,EUR,servicio de salud del principado de asturias,Contrato de Suministros,Ordinaria,Procedimiento Abierto,phi3,213.05,Otros,Otros
BOE-B-2016-13244.pdf,2016-04-01,shire pharmaceuticals ibérica s.l.,626241.2,EUR,osakidetza-servicio vasco de salud,Contrato de Suministros,Urgente,Procedimiento Negociado,phi3,254.32,osakidetza-servicio vasco de salud,Otros
BOE-B-2016-14415.pdf,2016-04-01,integración tecnológica empresarial sociedad limitada,291900.0,EUR,dirección de abastecimiento y transportes,Contrato de Suministros,Ordinaria,Procedimiento Negociado,phi3,223.43,Otros,Otros
BOE-B-2016-12356.pdf,2016-04-01,corporación transportista de jumilla s.c.l.,180000.0,EUR,ayuntamiento de jumilla,Contrato de Suministros,Ordinaria,Procedimiento Abierto,phi3,227.5,Otros,Otros
BOE-B-2016-15931.pdf,2016-04-01,endesa energía s.a.u,5794180.96,EUR,consorci de serveis universitaris de catalunya (csuc),Contrato de Suministros,Ordinaria,Procedimiento Abierto,phi3,292.67,Otros,Otros
BOE-B-2016-16588.pdf,2016-04-01,prevención smc s.l.,181500.0,EUR,departamento de interior,Contrato de Servicios,Ordinaria,Procedimiento Abierto,phi3,251.61,Otros,Otros
BOE-B-2016-12796.pdf,2016-04-01,sanchez y murcia s.l.,930000.0,EUR,diputación provincial de albacete,Contrato de Suministros,Ordinaria,Procedimiento Abierto,phi3,229.32,Otros,Otros
BOE-B-2016-14929.pdf,2016-04-01,asturagua servicio integral del ciclo del agua s.a.u.,358550.25,EUR,ayuntamiento de siero,Contrato de Servicios,Ordinaria,Procedimiento Abierto,phi3,237.84,Otros,Otros
BOE-B-2016-14022.pdf,2016-04-01,dragados s.a.,241936.2,EUR,presidencia de la confederación hidrográfica del guadiana,Contrato de Obras,Ordinaria,Procedimiento Abierto,phi3,249.22,Otros,Otros
BOE-B-2016-13059.pdf,2016-04-01,sedinfra s.a.,303714.84,EUR,presidencia de la confederación hidrográfica del guadiana,Contrato de Obras,Urgente,Procedimiento Abierto,phi3,218.19,Otros,Otros
BOE-B-2016-16327.pdf,2016-04-01,atos spain s.a.u.,850000.0,EUR,servicio catalán de la salud (catsalut),Contrato de Servicios,Ordinaria,Procedimiento Abierto,phi3,207.73,Otros,Otros
BOE-B-2016-20735.pdf,2016-05-01,antonio matachana s.a.,290500.0,EUR,servicio vasco de salud-osakidetza,Contrato de Suministros,Ordinaria,Procedimiento Abierto,phi3,229.37,Otros,Otros
BOE-B-2016-21203.pdf,2016-05-01,kern pharma s.l.,356400.0,EUR,servicio canario de la salud,Contrato de Suministros,Ordinaria,Procedimiento Abierto,phi3,214.33,Otros,Otros
BOE-B-2016-19655.pdf,2016-05-01,man truck & bus iberia s.a.u.,387200.0,EUR,ayuntamiento de barcelona,Contrato de Servicios,Ordinaria,Procedimiento Abierto,phi3,233.74,Otros,Otros
BOE-B-2016-18369.pdf,2016-05-01,exactech ibérica s.l.,375597.71,EUR,servicio madrileño de salud.-hospital universitario de getafe,Contrato de Suministros,Ordinaria,Procedimiento Abierto,phi3,244.34,Otros,Otros
BOE-B-2016-21191.pdf,2016-05-01,soldene s.a.,234740.0,EUR,dirección provincial de la tgss en badajoz,Contrato de Servicios,Ordinaria,Procedimiento Abierto,phi3,224.07,Otros,Otros
BOE-B-2016-22401.pdf,2016-05-01,prosegur soluciones integrales de seguridad españa s.l.u.,129992.94,EUR,confederación hidrográfica del guadalquivir,Contrato de Servicios,Ordinaria,Procedimiento Abierto,phi3,236.8,Otros,Otros
BOE-B-2016-20792.pdf,2016-05-01,talleres ramisur s.l.,150000.0,EUR,ayuntamiento de marbella,Contrato de Suministros,Ordinaria,Procedimiento Abierto,phi3,222.98,Otros,Otros
BOE-B-2016-20090.pdf,2016-05-01,life care s.l,1645138.13,EUR,consejería de presidencia justicia y portavocía del gobierno,Contrato de Servicios,Ordinaria,Procedimiento Abierto,phi3,232.64,Otros,life care s.l
BOE-B-2016-24023.pdf,2016-05-01,boston scientific ibérica s.a.; cia española de marcapasos; crivel s.a.; medtronic ibérica s.a.; merce v. electromedicina sl; vitatron medical españa sa,1169778.0,EUR,servicio aragonés de salud-gerencia de sector zaragoza iii,Contrato de Suministros,Ordinaria,Procedimiento Abierto,phi3,263.27,Otros,Otros
BOE-B-2016-25692.pdf,2016-06-01,mapfre españa seguros y reaseguros s.a.,262120.08,EUR,"consorcio ""parque de las ciencias""",Contrato de Servicios,Ordinaria,Procedimiento Abierto,phi3,230.14,Otros,Otros
BOE-B-2016-25686.pdf,2016-06-01,fixa finalidad social s.l.,180895.0,EUR,asepeyo mutua colaboradora con la seguridad social,Contrato de Servicios,Ordinaria,Procedimiento Abierto,phi3,216.87,Otros,Otros
BOE-B-2016-25846.pdf,2016-06-01,accesso group s.l.,242000.0,EUR,congreso de los diputados,Contrato de Servicios,Ordinaria,Procedimiento Abierto,phi3,213.28,Otros,Otros
BOE-B-2016-27513.pdf,2016-06-01,beckman coulter s.l.u. cytognos s.l. immucor s.l. labolan s.l. menarini diagnósticos s.a. palex medical s.a. thermo fisher diagnostics s.l.u. roche diagnostics s.l. suministros clínicos lanau s.l. werfen españa s.a.u. vwr international eurolab s.l,553862.4,EUR,servicio aragonés de salud-gerencia de sector zaragoza iii,Contrato de Suministros,Ordinaria,Procedimiento Abierto,phi3,308.47,Otros,Otros
BOE-B-2016-28382.pdf,2016-06-01,merck s.l,7824896.04,EUR,servicio murciano de salud,Contrato de Suministros,Ordinaria,Procedimiento Negociado,phi3,215.62,Otros,merck s.l
BOE-B-2016-29338.pdf,2016-06-01,accord healthcare s.l.u.; fresenius kabi españa s.a.; laboratorios normon s.a.; laboratorios ramón sala s.l. aurovitas spain s.a.u.; abbvie spain s.l.; teva pharma s.l.; hospira productos farmacéutico y hospitalarios s.l.; b. braun medical s.a.; geses genéricos españoles s.a.; laboratorio sau; pfizer gep s.l.u.; glaxosmithkline. s.a.; laboratorios farmacéuticos rovi s.a. y laboratorios menarini s.a.,2392950.51,EUR,servicio andaluz de salud,Contrato de Suministros,Ordinaria,Procedimiento Abierto,phi3,330.23,servicio andaluz de salud,Otros
BOE-B-2016-28764.pdf,2016-06-01,docu.ment xxi s.l.,218654.56,EUR,servicio vasco de salud-osakidetza,Contrato de Servicios,Ordinaria,Procedimiento Abierto,phi3,239.3,Otros,Otros
BOE-B-2016-26735.pdf,2016-06-01,telefónica soluciones de informática y telecomunicaciones de españa s.a.u.,137940.0,EUR,conselleria de hacienda y modelo económico,Contrato de Servicios,Ordinaria,Procedimiento Abierto,phi3,303.68,Otros,Otros
BOE-B-2016-32201.pdf,2016-07-01,aytos soluciones informáticas s.l.u.,69500.0,EUR,consorcio de la zona franca de barcelona,Contrato de Suministros,Ordinaria,Procedimiento Abierto,phi3,227.28,Otros,Otros
BOE-B-2016-35560.pdf,2016-07-01,ténica electroacústica consultoría escénica y servicios audiovisuales sociedad limitada unipersonal,179304.42,EUR,ayuntamiento de fuenlabrada,Contrato de Suministros,Ordinaria,Procedimiento Abierto,phi3,219.53,Otros,Otros
BOE-B-2016-34845.pdf,2016-07-01,appbridge labs sl,137214.0,EUR,ministerio del interior-secretaria de estado de seguridad,Contrato de Suministros,Ordinaria,Procedimiento Negociado,phi3,228.15,Otros,Otros
BOE-B-2016-35963.pdf,2016-07-01,vócali sistemas inteligentes,613470.0,EUR,servicio andaluz de salud,Contrato de Suministros,Ordinaria,Procedimiento Abierto,phi3,236.56,servicio andaluz de salud,Otros
BOE-B-2016-34101.pdf,2016-07-01,intercambio electrónico de datos y comunicaciones s.l,302000.0,EUR,dirección general de recursos humanos y económicos,Contrato de Servicios,Ordinaria,Procedimiento Abierto,phi3,224.97,Otros,Otros
BOE-B-2016-33681.pdf,2016-07-01,gabinete técnico de auditoría y consultoría sociedad anónima; ernst & young sociedad limitada; auren auditors bcn slp y faura-casars sociedad limitada.,308792.0,EUR,diputación de barcelona / dirección de servicios económicos,Contrato de Servicios,Ordinaria,Procedimiento Abierto,phi3,336.28,Otros,Otros
BOE-B-2016-33964.pdf,2016-07-01,laboratorios farmacéuticos guerbet s.a.,2976656.71,EUR,gerencia regional de salud de castilla y león,Contrato de Suministros,Ordinaria,Procedimiento Abierto,phi3,280.17,Otros,Otros
BOE-B-2016-33394.pdf,2016-07-01,schindler s.a.,381990.0,EUR,universidad de la laguna,Contrato de Servicios,Ordinaria,Procedimiento Abierto,phi3,233.27,Otros,Otros
BOE-B-2016-39130.pdf,2016-08-01,medtronic ibérica sociedad anónima unipersonal,915741.55,EUR,consejería de sanidad servicio madrileño de salud hospital universitario puerta de hierro de majadahonda madrid,Contrato de Suministros,Ordinaria,Procedimiento Abierto,phi3,271.54,Otros,Otros
BOE-B-2016-38407.pdf,2016-08-01,fresenius medical care españa s.a.u.,480781.4,EUR,consejería de sanidad. hospital universitario severo ochoa,Contrato de Suministros,Ordinaria,Procedimiento Abierto,phi3,241.31,Otros,Otros
BOE-B-2016-36811.pdf,2016-08-01,thyssenkrupp elevadores s.l.,2905974.72,EUR,ayuntamiento de santa coloma de gramenet,Contrato de Servicios,Ordinaria,Procedimiento Abierto,phi3,232.06,Otros,Otros
BOE-B-2016-37386.pdf,2016-08-01,merck s.l,1039935.15,EUR,servicio andaluz de salud,Contrato de Suministros,Ordinaria,Procedimiento Negociado,phi3,816.52,servicio andaluz de salud,merck s.l
BOE-B-2016-39331.pdf,2016-08-01,lyrica proyectos y gestión de obras s.l.,240469.97,EUR,centro de investigaciones energéticas medioambientales y tecnológicas,Contrato de Obras,Ordinaria,Procedimiento Negociado,phi3,230.32,Otros,Otros
BOE-B-2016-37640.pdf,2016-08-01,pfizer s.l.u.,1006720.0,EUR,conselleria de salud,Contrato de Suministros,Ordinaria,Procedimiento Negociado,phi3,233.74,Otros,Otros
BOE-B-2016-39044.pdf,2016-08-01,coloplast productos médicos s.a.; presurgy s.l.; american medical systems ibérica s.l,569522.8,EUR,servicio andaluz de salud,Contrato de Suministros,Ordinaria,Procedimiento Abierto,phi3,257.64,servicio andaluz de salud,Otros
BOE-B-2016-39050.pdf,2016-08-01,masana médica s.l.; instrumedic s.l.; textil planas oliveras s.a.; el corte inglés s.a.; farmaban s.a.; depresoria s.a.l.; c.v. médica s.l.; izasa hospital s.l.u.,269139.31,EUR,servicio andaluz de salud,Contrato de Suministros,Ordinaria,Procedimiento Abierto,phi3,270.53,servicio andaluz de salud,Otros
BOE-B-2016-40039.pdf,2016-09-01,repsol comercial de productos petrolíferos s.a.,1880005.0,EUR,fremap,Contrato de Suministros,Ordinaria,Procedimiento Abierto,phi3,249.07,Otros,Otros
BOE-B-2016-42124.pdf,2016-09-01,unión internacional de limpiezas s.a.,590480.0,EUR,lehendakaritza/presidencia del gobierno vasco,Contrato de Servicios,Ordinaria,Procedimiento Abierto,phi3,219.66,Otros,Otros
BOE-B-2016-43991.pdf,2016-09-01,lks ingeniería s. coop.,179999.6,EUR,ayuntamiento de arrasate,Contrato de Servicios,Ordinaria,Procedimiento Abierto,phi3,231.3,Otros,Otros
BOE-B-2016-39700.pdf,2016-09-01,novartis farmacéutica s.a,1118088.5,EUR,nan,Contrato de Suministros,Ordinaria,Procedimiento Negociado,phi3,552.7,nan,Otros
BOE-B-2016-40018.pdf,2016-09-01,excavaciones venegas sociedad limitada,198971.94,EUR,ayuntamiento de fuenlabrada,Contrato de Obras,Ordinaria,Procedimiento Abierto,phi3,215.48,Otros,Otros
BOE-B-2016-45149.pdf,2016-09-01,3m españa s.l. iberhospitex s.a. neomedic s.a. bsn medical s.l.u coriberica sanitaria s sitz firma ambu s.l. laboratorios hartmann s.a. farmaban s.a.,242118.14,EUR,consorci mar parc de salut de barcelona,,Ordinaria,Procedimiento Abierto,phi3,312.05,Otros,Otros
BOE-B-2016-44757.pdf,2016-09-01,b. braun medical s.a.; mba incorporado s.l.; smiths medical espana s.l.; firma ambu s.l.; b. braun surgical s.a.,458604.29,EUR,servicio andaluz de salud,Contrato de Suministros,Ordinaria,Procedimiento Abierto,phi3,237.43,servicio andaluz de salud,Otros
BOE-B-2016-41798.pdf,2016-09-01,smith & nephew s.a.u.,95010.54,EUR,osakidetza-servicio vasco de salud,Contrato de Suministros,Urgente,Procedimiento Negociado,phi3,277.71,osakidetza-servicio vasco de salud,Otros
BOE-B-2016-42245.pdf,2016-09-01,dopec s.l.,326298.73,EUR,societat privada municipal viladecans mediterrània s.l.,Contrato de Servicios,Ordinaria,Procedimiento Abierto,phi3,212.34,Otros,Otros
BOE-B-2016-41793.pdf,2016-09-01,marco s.a.-ciomar (ute portman),59536680.3,EUR,ministerio de agricultura alimentación y medio ambiente,Contrato de Obras,Ordinaria,Procedimiento Abierto,phi3,241.09,Otros,Otros
BOE-B-2016-43039.pdf,2016-09-01,ferrovial servicios s.a.,1570151.56,EUR,ayuntamiento de murcia,Contrato de Servicios,Ordinaria,Procedimiento Abierto,phi3,376.76,Otros,ferrovial servicios s.a.
BOE-B-2016-50868.pdf,2016-10-01,gilead sciences s.l,482554.8,EUR,gerencia regional de salud (gerencia del complejo asistencial universitario de burgos),Contrato de Suministros,Ordinaria,Procedimiento Negociado,phi3,209.31,Otros,gilead sciences s.l
BOE-B-2016-48583.pdf,2016-10-01,prysma calidad y medio ambiente s.a.,125228.95,EUR,entidad pública empresarial red.es,Contrato de Servicios,Ordinaria,Procedimiento Simplificado,phi3,279.99,Otros,Otros
BOE-B-2016-50082.pdf,2016-10-01,mutua tinerfeña mutua de seguros y reaseguros a prima fija,300000.0,EUR,dirección general de patrimonio y contratación,Contrato de Servicios,Ordinaria,Procedimiento Abierto,phi3,234.7,Otros,Otros
BOE-B-2016-51928.pdf,2016-10-01,companyia general d'aigües de catalunya s.a.,7520964.59,EUR,agencia catalana del agua,Contrato de Servicios,Ordinaria,Procedimiento Abierto,phi3,249.09,Otros,Otros
BOE-B-2016-52356.pdf,2016-10-01,cadagua s.a.,7147936.39,EUR,agencia catalana del agua,Contrato de Servicios,Ordinaria,Procedimiento Abierto,phi3,214.95,Otros,Otros
BOE-B-2016-49295.pdf,2016-10-01,indra sistemas s.a.,4846969.6,EUR,subsecretaría del ministerio de justicia,Contrato de Servicios,Ordinaria,Procedimiento Abierto,phi3,233.2,Otros,indra sistemas s.a.
BOE-B-2016-49316.pdf,2016-10-01,banco sabadell caja rural de asturias liberbank bbva,160000.0,EUR,autoridad portuaria de gijón,Contrato de Servicios,Ordinaria,Procedimiento Negociado,phi3,228.17,Otros,Otros
BOE-B-2016-49456.pdf,2016-10-01,dräger medical hispania s.a.,283250.0,EUR,servicio canario de la salud,Contrato de Suministros,Ordinaria,Procedimiento Negociado,phi3,246.16,Otros,Otros
BOE-B-2016-47115.pdf,2016-10-01,novartis farmacéutica s.a,6406523.5,EUR,osakidetza-servicio vasco de salud,Contrato de Suministros,Ordinaria,Procedimiento Negociado,phi3,251.23,osakidetza-servicio vasco de salud,Otros
BOE-B-2016-50851.pdf,2016-10-01,informática el corte inglés s.a,400000.0,EUR,consejería de empleo industria y turismo,Contrato de Servicios,Ordinaria,Procedimiento Abierto,phi3,233.54,Otros,Otros
BOE-B-2016-52398.pdf,2016-10-01,expocom s.a,209469.4,EUR,ayuntamiento de barcelona - gerencia de seguridad y prevención,Contrato de Servicios,Ordinaria,Procedimiento Abierto,phi3,227.57,Otros,Otros
BOE-B-2016-54747.pdf,2016-11-01,covidien spain s.l.,500940.0,EUR,servicio madrileño de salud hospital universitario,Contrato de Suministros,Ordinaria,Procedimiento Abierto,phi3,272.04,Otros,Otros
BOE-B-2016-56281.pdf,2016-11-01,abbvie spain s.l.,12571704.7,EUR,servicio andaluz de salud,Contrato de Suministros,Ordinaria,Procedimiento Negociado,phi3,219.24,servicio andaluz de salud,Otros
BOE-B-2016-56773.pdf,2016-11-01,serikat consultoría e informática s.a.,170755.2,EUR,entidad pública empresarial red.es,Contrato de Servicios,Ordinaria,Procedimiento Simplificado,phi3,207.27,Otros,Otros
BOE-B-2016-59812.pdf,2016-11-01,aebia tecología y servicios s.l.,8797091.0,EUR,ayuntamiento de getxo,,Ordinaria,Procedimiento Abierto,phi3,287.7,Otros,Otros
BOE-B-2016-58918.pdf,2016-11-01,informática el corte inglés sociedad anónima,1685962.6,EUR,diputación de barcelona/dirección de servicios de tecnologías y sistemas corporativos,Contrato de Suministros,Ordinaria,Procedimiento Abierto,phi3,260.97,Otros,Otros
BOE-B-2016-54864.pdf,2016-11-01,lagunduz 2 s.l.,1370000.0,EUR,ayuntamiento de santurtzi,Contrato de Servicios,Urgente,Procedimiento Abierto,phi3,249.8,Otros,Otros
BOE-B-2016-54732.pdf,2016-11-01,multiserveis ndavant s.l.,640641.28,EUR,consorci del laboratori intercomarcal de l'alt penedès l'anoia i el garraf,Contrato de Servicios,Ordinaria,Procedimiento Abierto,phi3,229.98,Otros,Otros
BOE-B-2016-54965.pdf,2016-11-01,salicru s.a.,273474.0,EUR,consorcio de aguas bilbao bizkaia,Contrato de Servicios,Ordinaria,Procedimiento Abierto,phi3,223.91,Otros,Otros
BOE-B-2016-61794.pdf,2016-11-01,smarting engineering s.l.,381634.0,EUR,consorcio regional de transportes,Contrato de Servicios,Ordinaria,Procedimiento Negociado,phi3,225.24,Otros,Otros
BOE-B-2016-65131.pdf,2016-12-01,serunion s.a,1449188.4,EUR,instituto valenciano de acción social,Contrato de Suministros,Ordinaria,Procedimiento Abierto,phi3,239.23,Otros,Otros
BOE-B-2016-65151.pdf,2016-12-01,ebone servicios educacion deporte s.l.,292045.57,EUR,ayuntamiento de alcorcón,Contrato de Servicios,Ordinaria,Procedimiento Abierto,phi3,207.6,Otros,Otros
BOE-B-2016-63938.pdf,2016-12-01,abbot laboratories s.a.; análisis y genética s.l.; becton diasorin iberia s.a.; francisco soria melguizo s.a.; fujirebio iberia s.l.u.; menarini diagnósticos s.a.; palex medical s.a.; thermo fisher diagnostics s.l.u.; radiometer ibérica s.l.; ral técnica para laboratorio s.a.; roche diagnostics s.l.; sebia hispania s.a.; siemens healthcare s.l.u.; sysmex españa s.l.u.; the binding site group limited suc. españa; vacuette españa s.a.; vircell spain s.l.; vitro s.a.; werfen españa s.a.u,46478452.88,EUR,servicio andaluz de salud,Contrato de Suministros,Ordinaria,Procedimiento Abierto,phi3,357.61,servicio andaluz de salud,Otros
BOE-B-2016-62978.pdf,2016-12-01,bismart business intelligence specialist services s.l.,169491.96,EUR,servicio madrileño de salud hospital universitario '12 de octubre',Contrato de Servicios,Ordinaria,Procedimiento Abierto,phi3,253.31,Otros,Otros
BOE-B-2016-63334.pdf,2016-12-01,life care s.l,484562.7,EUR,consejeria de sanidad servicio madrileño de salud hospital universitario severo ochoa,Contrato de Suministros,Ordinaria,Procedimiento Abierto,phi3,243.53,Otros,life care s.l
BOE-B-2016-67521.pdf,2016-12-01,obrascon huarte lain sociedad anónima y agrupación guinovart obras y servicios hispani sociedad anónima unión temporal de empresas,5946157.05,EUR,barcelona infraestructures municipals sociedad anónima,Contrato de Obras,Ordinaria,Procedimiento Abierto,phi3,242.76,Otros,Otros
BOE-B-2016-65713.pdf,2016-12-01,everis spain s.l.u,1175235.49,EUR,consejería de hacienda y administración pública,Contrato de Servicios,Ordinaria,Procedimiento Abierto,phi3,214.2,Otros,Otros
BOE-B-2016-65835.pdf,2016-12-01,novotec consultores s.a.,789404.0,EUR,consejería de economía empresas y empleo,Contrato de Servicios,Ordinaria,Procedimiento Abierto,phi3,268.08,Otros,Otros
BOE-B-2016-66829.pdf,2016-12-01,la paloma segoviana sociedad anónima,800000.0,EUR,consorcio provincial de medio ambiente de valladolid,Contrato de Servicios,Ordinaria,Procedimiento Abierto,phi3,266.45,Otros,Otros
BOE-B-2016-65141.pdf,2016-12-01,boston scientific ibérica sociedad anónima,195470.0,EUR,servicio madrileño de salud,Contrato de Suministros,Ordinaria,Procedimiento Abierto,phi3,226.9,servicio madrileño de salud,Otros
BOE-B-2016-65447.pdf,2016-12-01,fundación dya gipuzkoa,521289.52,EUR,ayuntamiento de donostia-san sebastián,Contrato de Servicios,Ordinaria,Procedimiento Abierto,phi3,204.65,Otros,Otros
BOE-B-2016-67635.pdf,2016-12-01,seranco s.a,1695524.89,EUR,ayuntamiento de madrid,Contrato de Obras,Ordinaria,Procedimiento Abierto,phi3,228.42,ayuntamiento de madrid,Otros
BOE-B-2017-1299.pdf,2017-01-01,contratistas navila s.l.,230953.37,EUR,invied,Contrato de Obras,Ordinaria,Procedimiento Abierto,phi3,204.48,Otros,Otros
BOE-B-2017-2297.pdf,2017-01-01,master tecnic asistencia s.l.; siemens healthcare s.l.; toshiba medical systems s.a.,1145628.0,EUR,servicio andaluz de salud,Contrato de Suministros,Ordinaria,Procedimiento Abierto,phi3,233.09,servicio andaluz de salud,Otros
BOE-B-2017-5039.pdf,2017-01-01,juali s.l.,916.205,EUR,invied,Contrato de Suministros,Ordinaria,Procedimiento Abierto,phi3,300.46,Otros,Otros
BOE-B-2017-2723.pdf,2017-01-01,amebil s.l.; b. braun médical s.a.; becton dickinson s.a.; biogen diagnóstica s.l.; krape s.a.; lambra s.l.; nacatur 2 españa s.l.; smith médical españa s.r.l.,497819.79,EUR,servicio madrileño de salud.-hospital universitario de getafe,Contrato de Suministros,Ordinaria,Procedimiento Abierto,phi3,290.76,Otros,Otros
BOE-B-2017-671.pdf,2017-01-01,servicios integrales especiales centro de empleo s.l.u.,535155.17,EUR,agencia estatal consejo superior de investigaciones científicas,Contrato de Servicios,Ordinaria,Procedimiento Abierto,phi3,234.67,Otros,Otros
BOE-B-2017-1330.pdf,2017-01-01,segural compañía de seguridad s.l.,855773.61,EUR,ayuntamiento de madrid,Contrato de Servicios,Ordinaria,Procedimiento Abierto,phi3,249.29,ayuntamiento de madrid,Otros
BOE-B-2017-5735.pdf,2017-01-01,siemens healthcare s.l.,1501005.61,EUR,servicio aragonés de salud,Contrato de Suministros,Ordinaria,Procedimiento Abierto,phi3,239.42,Otros,Otros
BOE-B-2017-3578.pdf,2017-01-01,oficina de cooperación universitaria s.a.,159919.46,EUR,universidad de zaragoza,Contrato de Servicios,Ordinaria,Procedimiento Negociado,phi3,847.24,Otros,Otros
BOE-B-2017-4407.pdf,2017-01-01,bayer hispania s.l,1423573.2,EUR,osakidetza-servicio vasco de salud,Contrato de Suministros,Urgente,Procedimiento Negociado,phi3,250.1,osakidetza-servicio vasco de salud,Otros
BOE-B-2017-2823.pdf,2017-01-01,b. braun medical s.a.,925099.52,EUR,nan,Contrato de Suministros,Ordinaria,Procedimiento Abierto,phi3,308.97,nan,Otros
BOE-B-2017-2860.pdf,2017-01-01,arci-nature intervención social s.l.u.,896615.75,EUR,ayuntamiento de madrid,Contrato de Servicios,Ordinaria,Procedimiento Abierto,phi3,254.09,ayuntamiento de madrid,Otros
BOE-B-2017-2882.pdf,2017-01-01,sociedad estatal de correos y telegrafos s.a.,971547.24,EUR,mutua universal mugenat mutua colaboradora con la seguridad social,Contrato de Servicios,Ordinaria,Procedimiento Abierto,phi3,241.5,Otros,Otros
BOE-B-2017-6775.pdf,2017-02-01,abbvie spain s.l.,6405666.8,EUR,servicio andaluz de salud,Contrato de Suministros,Ordinaria,Procedimiento Negociado,phi3,242.32,servicio andaluz de salud,Otros
BOE-B-2017-7169.pdf,2017-02-01,idp ingeniería y arquitectura iberia s.l.u.,129840.0,EUR,ayuntamiento de barcelona,Contrato de Servicios,Ordinaria,Procedimiento Abierto,phi3,223.62,Otros,Otros
BOE-B-2017-5862.pdf,2017-02-01,gilead sciences s.l,1374058.5,EUR,servicio madrileño de salud.-hospital universitario de getafe,Contrato de Suministros,Ordinaria,Procedimiento Negociado,phi3,226.04,Otros,gilead sciences s.l
BOE-B-2017-7712.pdf,2017-02-01,ute parques eficientes (energía eléctrica eficiente s.l.-telnors.l.-imesapi s.a.-gruporaga s.a),716999.9,EUR,ayuntamiento de madrid,Contrato de Obras,Ordinaria,Procedimiento Abierto,phi3,255.27,ayuntamiento de madrid,Otros
BOE-B-2017-11361.pdf,2017-02-01,nan,136982.89,EUR,osakidetza,Contrato de Suministros,Ordinaria,Procedimiento Abierto,phi3,339.86,Otros,nan
BOE-B-2017-8487.pdf,2017-02-01,audifilm abi s.l.,355679.5,EUR,diputación de girona,Contrato de Suministros,Ordinaria,Procedimiento Abierto,phi3,216.14,Otros,Otros
BOE-B-2017-9346.pdf,2017-02-01,ferrovial servicios s.a.,3225270.12,EUR,servicio de salud de las illes balears,Contrato de Servicios,Ordinaria,Procedimiento Abierto,phi3,194.77,Otros,ferrovial servicios s.a.
BOE-B-2017-7587.pdf,2017-02-01,gestión tributaria territorial s.a.u.,144367.16,EUR,ayuntamiento de ávila,Contrato de Servicios,Ordinaria,Procedimiento Negociado,phi3,235.22,Otros,Otros
BOE-B-2017-7130.pdf,2017-02-01,cln incorpora s.l.,810912.96,EUR,consejería de servicios y derechos sociales,Contrato de Servicios,Ordinaria,Procedimiento Abierto,phi3,250.86,Otros,Otros
BOE-B-2017-6776.pdf,2017-02-01,iasist s.a.,354456.0,EUR,servicio andaluz de salud,Contrato de Suministros,Ordinaria,Procedimiento Negociado,phi3,222.97,servicio andaluz de salud,Otros
BOE-B-2017-6061.pdf,2017-02-01,mcr info electronic s.l.,192000.0,EUR,agencia estatal de administración tributaria,Contrato de Suministros,Ordinaria,Procedimiento Abierto,phi3,320.61,Otros,Otros
BOE-B-2017-12558.pdf,2017-02-01,sistemas informáticos abiertos s.a.,2115317.16,EUR,ayuntamiento de madrid,Contrato de Servicios,Ordinaria,Procedimiento Abierto,phi3,265.78,ayuntamiento de madrid,Otros
BOE-B-2017-8874.pdf,2017-02-01,merck s.l,333613.92,EUR,servicio madrileño de salud,Contrato de Suministros,Ordinaria,Procedimiento Negociado,phi3,228.98,servicio madrileño de salud,merck s.l
BOE-B-2017-19901.pdf,2017-03-01,imesapi sociedad anónima,339470.34,EUR,council for nuclear safety,Contrato de Servicios,Ordinaria,Procedimiento Abierto,phi3,271.79,Otros,Otros
BOE-B-2017-19780.pdf,2017-03-01,bristol-myers squibb s.a.,823597.63,EUR,gerencia del área sanitaria iv - oviedo. hospital universitario central de asturias,Contrato de Suministros,Ordinaria,Procedimiento Negociado,phi3,218.5,Otros,Otros
BOE-B-2017-15550.pdf,2017-03-01,cercolim s.l.,330000.0,EUR,ayuntamiento de ávila,Contrato de Servicios,Ordinaria,Procedimiento Abierto,phi3,231.13,Otros,Otros
BOE-B-2017-19921.pdf,2017-03-01,mersa maquinaria y utiles de limpieza s cv.,186348.4,EUR,servicio andaluz de salud,Contrato de Suministros,Ordinaria,Procedimiento Abierto,phi3,291.01,servicio andaluz de salud,Otros
BOE-B-2017-19260.pdf,2017-03-01,genera quatro s.l.,215622.0,EUR,diputación provincial de toledo,Contrato de Servicios,Ordinaria,Procedimiento Abierto,phi3,230.85,Otros,Otros
BOE-B-2017-19635.pdf,2017-03-01,campofrio food group s.a. guardia artigas antonio muñoz bailo s.a. unión polleros de aragón s.l.,469980.3,EUR,servicio aragonés de salud-gerencia de sector zaragoza iii,Contrato de Suministros,Ordinaria,Procedimiento Abierto,phi3,244.98,Otros,Otros
BOE-B-2017-20042.pdf,2017-03-01,agintzari sociedad cooperativa de iniciativa social,511653.08,EUR,ayuntamiento de bilbao,Contrato de Servicios,Ordinaria,Procedimiento Abierto,phi3,234.04,Otros,Otros
BOE-B-2017-15923.pdf,2017-03-01,integra mantenimiento gestión y servicios integrados centro especial de empleo s.l.,879237.5,EUR,ayuntamiento de madrid,Contrato de Servicios,Ordinaria,Procedimiento Abierto,phi3,226.03,ayuntamiento de madrid,Otros
BOE-B-2017-16569.pdf,2017-03-01,ute berantevilla 2017,23224305.85,EUR,diputación foral de álava,Contrato de Obras,Ordinaria,Procedimiento Abierto,phi3,232.71,Otros,Otros
BOE-B-2017-18284.pdf,2017-03-01,andarax de hostelería s.c.a,663081.87,EUR,servicio andaluz de salud,Contrato de Servicios,Ordinaria,Procedimiento Negociado,phi3,392.96,servicio andaluz de salud,Otros
BOE-B-2017-19214.pdf,2017-03-01,takeda farmaceutica españa sa,1305072.0,EUR,osakidetza-servicio vasco de salud,Contrato de Suministros,Urgente,Procedimiento Negociado,phi3,266.33,osakidetza-servicio vasco de salud,Otros
BOE-B-2017-15908.pdf,2017-03-01,alcon cusi s.a. a.j.l. ophthalmic s.a. polytch-domilens s.l.u.,180632.36,EUR,consejería de sanidad. servicio madrileño de salud,Contrato de Suministros,Ordinaria,Procedimiento Abierto,phi3,292.11,Otros,Otros
BOE-B-2017-14546.pdf,2017-03-01,aplicaciones y sistemas integrales para el transporte s.a. y general técnica industrial s.l.u ute,5082000.0,EUR,ayuntamiento de santander,Contrato de Suministros,Ordinaria,Procedimiento Abierto,phi3,237.27,Otros,Otros
BOE-B-2017-23554.pdf,2017-04-01,boston scientific ibérica s.a.; medtronic ibérica s.a.; biotronik spain s.a.; iberhospitex s.a.; biosensors iberia s.l.; biomenco s.l.,9260900.0,EUR,servicio andaluz de salud,Contrato de Suministros,Ordinaria,Procedimiento Abierto,phi3,271.17,servicio andaluz de salud,Otros
BOE-B-2017-23096.pdf,2017-04-01,clece s.a.,17207873.63,EUR,ayuntamiento de las palmas de gran canaria,Contrato de Servicios,Ordinaria,Procedimiento Abierto,phi3,217.59,Otros,Otros
BOE-B-2017-22307.pdf,2017-04-01,mediatem canales temáticos s.l.u.,915062.5,EUR,senado,Contrato de Servicios,Ordinaria,Procedimiento Abierto,phi3,251.22,Otros,Otros
BOE-B-2017-25570.pdf,2017-04-01,lizardo josé villafranca carnero,237743.0,EUR,ayuntamiento de fuenlabrada,Contrato de Servicios,Ordinaria,Procedimiento Abierto,phi3,230.57,Otros,Otros
BOE-B-2017-24441.pdf,2017-04-01,telefónica de españa s.a.u. - telefónica móviles españa s.a.u. unión temporal de empresas,93412.0,EUR,ayuntamiento de el ejido (almería),Contrato de Servicios,Ordinaria,Procedimiento Abierto,phi3,274.3,Otros,Otros
BOE-B-2017-23857.pdf,2017-04-01,bankia s.a,11874572.99,EUR,ayuntamiento de santander,Contrato de Obras,Ordinaria,Procedimiento Abierto,phi3,222.67,Otros,Otros
BOE-B-2017-21706.pdf,2017-04-01,nexus energía s.a.,18083857.58,EUR,servicio murciano de salud,Contrato de Suministros,Ordinaria,Procedimiento Abierto,phi3,235.43,Otros,Otros
BOE-B-2017-23577.pdf,2017-04-01,fomento de construcciones y contratas s.a.,1249998.89,EUR,ayuntamiento de madrid,Contrato de Obras,Ordinaria,Procedimiento Abierto,phi3,221.47,ayuntamiento de madrid,Otros
BOE-B-2017-31658.pdf,2017-05-01,sercosoft s.l,168752.0,EUR,ayuntamiento de madrid,Contrato de Servicios,Ordinaria,Procedimiento Abierto,phi3,214.94,ayuntamiento de madrid,Otros
BOE-B-2017-28362.pdf,2017-05-01,indra sistemas s.a.,1337688.88,EUR,axencia para a modernización tecnolóxica de galicia,Contrato de Servicios,Ordinaria,Procedimiento Abierto,phi3,238.3,axencia para a modernización tecnolóxica de galicia,indra sistemas s.a.
BOE-B-2017-28511.pdf,2017-05-01,figueras seating solutions s.l.,792792.97,EUR,ayuntamiento de getxo,Contrato de Suministros,Ordinaria,Procedimiento Abierto,phi3,218.33,Otros,Otros
BOE-B-2017-27721.pdf,2017-05-01,sanofi aventis s.a,123626.25,EUR,osakidetza-servicio vasco de salud,Contrato de Suministros,Urgente,Procedimiento Negociado,phi3,253.69,osakidetza-servicio vasco de salud,Otros
BOE-B-2017-30940.pdf,2017-05-01,jornet llop pastor s.l.p.,300000.0,EUR,departamento de territorio y sostenibilidad,Contrato de Servicios,Ordinaria,Procedimiento Abierto,phi3,226.92,Otros,Otros
BOE-B-2017-32058.pdf,2017-05-01,a.c.99 motor s.l.,318000.02,EUR,ayuntamiento de marbella,Contrato de Servicios,Ordinaria,Procedimiento Abierto,phi3,222.67,Otros,Otros
BOE-B-2017-27143.pdf,2017-05-01,electricitat boquet s.l.,3878618.37,EUR,ayuntamiento de santa coloma de gramenet,Contrato de Servicios,Ordinaria,Procedimiento Abierto,phi3,211.24,Otros,Otros
BOE-B-2017-30957.pdf,2017-05-01,varios adjudicatarios,11302513.2,EUR,servicio madrileño de salud,Contrato de Suministros,Ordinaria,Procedimiento Abierto,phi3,246.21,servicio madrileño de salud,Otros
BOE-B-2017-29763.pdf,2017-05-01,boston scientific ibérica s.a,1392835.82,EUR,xerencia de xestión integrada de santiago de compostela,Contrato de Suministros,Ordinaria,Procedimiento Abierto,phi3,275.98,Otros,Otros
BOE-B-2017-28430.pdf,2017-05-01,ac camerfirma s.a.,342800.0,EUR,cámara de comercio industria servicios y navegación de españa,Contrato de Servicios,Ordinaria,Procedimiento Abierto,phi3,271.84,Otros,Otros
BOE-B-2017-36953.pdf,2017-06-01,albaida infraestructuras s.a,211055.45,EUR,ministerio de agricultura y pesca alimentación y medio,Contrato de Obras,Ordinaria,Procedimiento Abierto,phi3,241.34,Otros,Otros
BOE-B-2017-39924.pdf,2017-06-01,productos químicos de murcia s.a,154517.0,EUR,dirección general de comercio internacional e inversiones,Contrato de Suministros,Ordinaria,Procedimiento Abierto,phi3,239.59,Otros,Otros
BOE-B-2017-40245.pdf,2017-06-01,seranco s.a,1139903.57,EUR,instituto nacional de la seguridad social (inss),Contrato de Obras,Ordinaria,Procedimiento Abierto,phi3,233.05,Otros,Otros
BOE-B-2017-37855.pdf,2017-06-01,técnicas valencianas del agua s.a.,3722430.69,EUR,generalitat valenciana - entidad pública de saneamiento de aguas residuales de la comunidad valenciana,Contrato de Servicios,Ordinaria,Procedimiento Abierto,phi3,256.14,Otros,Otros
BOE-B-2017-38168.pdf,2017-06-01,laboratorios tecnologicos de levante s.l.,340061.33,EUR,presidencia de la confederación hidrográfica del segura,Contrato de Servicios,Ordinaria,Procedimiento Abierto,phi3,231.96,Otros,Otros
BOE-B-2017-40491.pdf,2017-06-01,construcciones navales p. freire s.a.,877250.0,EUR,agencia estatal consejo superior de investigaciones científicas,Contrato de Servicios,Ordinaria,Procedimiento Abierto,phi3,235.53,Otros,Otros
BOE-B-2017-35093.pdf,2017-06-01,econocom servicios s.a,834900.0,EUR,tesorería general de la seguridad social,Contrato de Servicios,Ordinaria,Procedimiento Abierto,phi3,249.4,Otros,Otros
BOE-B-2017-39987.pdf,2017-06-01,life care s.l,3797300.0,EUR,ayuntamiento de madrid,Contrato de Obras,Ordinaria,Procedimiento Abierto,phi3,294.23,ayuntamiento de madrid,life care s.l
BOE-B-2017-39940.pdf,2017-06-01,life care s.l,1570000.0,EUR,consellería de economía empleo e industria,Contrato de Servicios,Ordinaria,Procedimiento Negociado,phi3,280.83,Otros,life care s.l
BOE-B-2017-39592.pdf,2017-06-01,menarini diagnósticos s.a,214317.62,EUR,consejeria de sanidad servicio madrileño de salud hospital universitario severo ochoa,Contrato de Suministros,Ordinaria,Procedimiento Abierto,phi3,244.59,Otros,Otros
BOE-B-2017-38537.pdf,2017-06-01,servicos sociais virxe do carme sl,731120.0,EUR,ayuntamiento de pontedeume,Contrato de Servicios,Urgente,Procedimiento Abierto,phi3,232.92,Otros,Otros
BOE-B-2017-34785.pdf,2017-06-01,allergan s.a,282945.6,EUR,servicio madrileño de salud,Contrato de Suministros,Ordinaria,Procedimiento Negociado,phi3,242.49,servicio madrileño de salud,Otros
BOE-B-2017-43977.pdf,2017-07-01,siemens healthcare s.l.,613433.7,EUR,servizo galego de saúde - xerencia de xestión integrada a,Contrato de Suministros,Ordinaria,Procedimiento Abierto,phi3,252.51,Otros,Otros
BOE-B-2017-43123.pdf,2017-07-01,ferrovial servicios s.a.,1429414.72,EUR,ayuntamiento de madrid,Contrato de Servicios,Ordinaria,Procedimiento Abierto,phi3,235.47,ayuntamiento de madrid,ferrovial servicios s.a.
BOE-B-2017-42104.pdf,2017-07-01,jema energy s.a,3569500.0,EUR,consorcio ess bilbao,Contrato de Suministros,Ordinaria,Procedimiento Abierto,phi3,234.8,Otros,Otros
BOE-B-2017-44452.pdf,2017-07-01,fomento de construcciones y contratas s.a.,3300000.0,EUR,agencia balear del agua y de la calidad ambiental,Contrato de Servicios,Ordinaria,Procedimiento Abierto,phi3,227.43,Otros,Otros
BOE-B-2017-42084.pdf,2017-07-01,banco santander s.a,532054.25,EUR,junta de gobierno local. ayuntamiento de pozuelo de alarcón,Contrato de Suministros,Ordinaria,Procedimiento Abierto,phi3,241.37,Otros,Otros
BOE-B-2017-43563.pdf,2017-07-01,logicalis spain s.l.u.,505347.52,EUR,centre de telecomunicacions i tecnologies de la informació,Contrato de Suministros,Ordinaria,Procedimiento Abierto,phi3,247.32,Otros,Otros
BOE-B-2017-42266.pdf,2017-07-01,cln servicios integrales s.l.,726000.0,EUR,presidencia de la confederación hidrográfica del cantábrico,Contrato de Servicios,Ordinaria,Procedimiento Abierto,phi3,231.13,Otros,Otros
BOE-B-2017-43319.pdf,2017-07-01,pfizer gep s.l.u.,106672.65,EUR,osakidetza-servicio vasco de salud,Contrato de Suministros,Urgente,Procedimiento Abierto,phi3,821.12,osakidetza-servicio vasco de salud,Otros
BOE-B-2017-42871.pdf,2017-07-01,audiotec ingeniería acústica s.a,393250.0,EUR,ayuntamiento de barcelona,Contrato de Servicios,Ordinaria,Procedimiento Abierto,phi3,215.83,Otros,Otros
BOE-B-2017-43716.pdf,2017-07-01,telefónica soluciones de informática y comunicaciones de españa s.a.u.,687475.6,EUR,entidad pública empresarial red.es,Contrato de Servicios,Ordinaria,Procedimiento Abierto,phi3,263.76,Otros,Otros
BOE-B-2017-43979.pdf,2017-07-01,life care s.l,11788196.4,EUR,axencia para a modernización tecnolóxica de galicia,Contrato de Suministros,Ordinaria,Procedimiento Abierto,phi3,274.65,axencia para a modernización tecnolóxica de galicia,life care s.l
BOE-B-2017-41695.pdf,2017-07-01,empresa técnica de gestión deportiva emtesport s.l.,8632230.81,EUR,ayuntamiento de etxebarri,Contrato de Servicios,Ordinaria,Procedimiento Abierto,phi3,232.49,Otros,Otros
BOE-B-2017-42802.pdf,2017-07-01,compañía de obras públicas hormigones y asfaltos s.l.u.,280712.64,EUR,presidencia de la confederación hidrográfica del ebro,Contrato de Obras,Ordinaria,Procedimiento Abierto,phi3,237.94,Otros,Otros
BOE-B-2017-49145.pdf,2017-08-01,semesur s.a.u.,1457290.1,EUR,fremap mutua colaboradora con la seguridad social,Contrato de Servicios,Ordinaria,Procedimiento Abierto,phi3,235.73,Otros,Otros
BOE-B-2017-48202.pdf,2017-08-01,biogen diagnostica s.l.,1042389.35,EUR,consejería de sanidad. hospital universitario severo ochoa,Contrato de Suministros,Ordinaria,Procedimiento Abierto,phi3,267.17,Otros,Otros
BOE-B-2017-49106.pdf,2017-08-01,allergan s.a,858565.76,EUR,servicio andaluz de salud,Contrato de Suministros,Ordinaria,Procedimiento Negociado,phi3,233.33,servicio andaluz de salud,Otros
BOE-B-2017-48143.pdf,2017-08-01,gureak marketing s.l.,1464100.0,EUR,consorcio autoridad territorial del transporte de gipuzkoa,Contrato de Servicios,Ordinaria,Procedimiento Abierto,phi3,203.23,Otros,Otros
BOE-B-2017-48222.pdf,2017-08-01,servicios integrales de sanidad s.l.,1920000.0,EUR,mutua universal mugenat mutua colaboradora con la seguridad social,Contrato de Servicios,Ordinaria,Procedimiento Abierto,phi3,294.99,Otros,Otros
BOE-B-2017-48811.pdf,2017-08-01,instinto deportivo s.l,504615.4,EUR,ayuntamiento de talavera de la reina,Contrato de Servicios,Ordinaria,Procedimiento Abierto,phi3,197.5,Otros,Otros
BOE-B-2017-49745.pdf,2017-08-01,compañía general de construcción abaldo s.a.,478259.19,EUR,junta de gobierno local. ayuntamiento de pozuelo de alarcón,Contrato de Obras,Urgente,Procedimiento Abierto,phi3,239.24,Otros,Otros
BOE-B-2017-47887.pdf,2017-08-01,pavasal empresa constructora s.a.,102000000.0,EUR,generalitat valenciana,Contrato de Servicios,Ordinaria,Procedimiento Abierto,phi3,241.73,Otros,Otros
BOE-B-2017-48993.pdf,2017-08-01,link nmd servicios industriales s.l. y jadogar s.l. unión temporal de empresas,280000.0,EUR,consejería de desarrollo rural y recursos naturales,Contrato de Suministros,Ordinaria,Procedimiento Abierto,phi3,260.17,Otros,Otros
BOE-B-2017-52383.pdf,2017-09-01,gilead sciences s.l. y orion pharma s.l.,2912148.51,EUR,consejería de sanidad servicio madrileño de salud hospital universitario puerta de hierro de majadahonda madrid,Contrato de Suministros,Ordinaria,Procedimiento Negociado,phi3,242.45,Otros,Otros
BOE-B-2017-54056.pdf,2017-09-01,signe s.a.,366200.0,EUR,universitat politècnica de catalunya,Contrato de Servicios,Ordinaria,Procedimiento Abierto,phi3,231.9,Otros,Otros
BOE-B-2017-52221.pdf,2017-09-01,arci-nature intervención social s.l.u.,379060.0,EUR,ayuntamiento de madrid,Contrato de Servicios,Ordinaria,Procedimiento Abierto,phi3,219.73,ayuntamiento de madrid,Otros
BOE-B-2017-54039.pdf,2017-09-01,citelum ibérica s.a.,973184.26,EUR,junta de gobierno local. ayuntamiento de pozuelo de alarcón,Contrato de Obras,Ordinaria,Procedimiento Abierto,phi3,210.27,Otros,Otros
BOE-B-2017-51538.pdf,2017-09-01,ortiz construcciones y proyectos sociedad anónima,300000.0,EUR,ayuntamiento de fuenlabrada,Contrato de Obras,Urgente,Procedimiento Abierto,phi3,232.06,Otros,Otros
BOE-B-2017-53882.pdf,2017-09-01,eulen seguridad s.a.,140393.75,EUR,tesorería general de la seguridad social-ccirección provincial de baleares,Contrato de Servicios,Ordinaria,Procedimiento Abierto,phi3,371.78,Otros,Otros
BOE-B-2017-50486.pdf,2017-09-01,fresenius kabi españa s.a.u.,463477.5,EUR,consorci sanitari integral,Contrato de Suministros,Ordinaria,Procedimiento Abierto,phi3,264.76,Otros,Otros
BOE-B-2017-54834.pdf,2017-09-01,fei europe b. v,253543.6,EUR,universidad de cádiz,Contrato de Suministros,Ordinaria,Procedimiento Abierto,phi3,825.66,Otros,Otros
BOE-B-2017-50063.pdf,2017-09-01,racorpa s.l.,800000.0,EUR,invied,Contrato de Obras,Ordinaria,Procedimiento Abierto,phi3,212.09,Otros,Otros
BOE-B-2017-50244.pdf,2017-09-01,lm tietopalvelut oy sucursal en españa,314456.48,EUR,centro de investigaciones energéticas medioambientales y tecnológicas,Contrato de Suministros,Ordinaria,Procedimiento Abierto,phi3,231.87,Otros,Otros
BOE-B-2017-52393.pdf,2017-09-01,pulgarcito sociedad cooperativa,2316044.0,EUR,ayuntamiento de madrid,Contrato de Servicios,Ordinaria,Procedimiento Abierto,phi3,252.77,ayuntamiento de madrid,Otros
BOE-B-2017-52488.pdf,2017-09-01,cepsa card sa,215000.0,EUR,ayuntamiento de alcorcón,Contrato de Suministros,Ordinaria,Procedimiento Abierto,phi3,201.66,Otros,Otros
BOE-B-2017-63060.pdf,2017-10-01,autos iglesias s.l,460802.07,EUR,ayuntamiento de albacete,Contrato de Suministros,Ordinaria,Procedimiento Abierto,phi3,241.39,Otros,Otros
BOE-B-2017-59124.pdf,2017-10-01,life care s.l,3459757.51,EUR,servizo galego de saúde,Contrato de Suministros,Ordinaria,Procedimiento Abierto,phi3,216.59,Otros,life care s.l
BOE-B-2017-56770.pdf,2017-10-01,bahía software s.l.u.,1479100.0,EUR,axencia para a modernización tecnolóxica de galicia,Contrato de Servicios,Ordinaria,Procedimiento Abierto,phi3,278.9,axencia para a modernización tecnolóxica de galicia,Otros
BOE-B-2017-58494.pdf,2017-10-01,preventium prevención de riesgos laborales sociedad anónima,144938.3,EUR,consejo superior de deportes,Contrato de Servicios,Ordinaria,Procedimiento Abierto,phi3,240.53,Otros,Otros
BOE-B-2017-57127.pdf,2017-10-01,ekoargi instalaciones eléctricas y elca montajes eléctricos,832000.0,EUR,ayuntamiento de vitoria-gasteiz,Contrato de Servicios,Ordinaria,Procedimiento Abierto,phi3,236.27,Otros,Otros
BOE-B-2017-59967.pdf,2017-10-01,ortzadar s.l.,425000.0,EUR,kontsumobide-instituto vasco de consumo,Contrato de Servicios,Ordinaria,Procedimiento Abierto,phi3,243.29,Otros,Otros
BOE-B-2017-57211.pdf,2017-10-01,servinjaca s.l.,983421.44,EUR,autoridad portuaria de santa cruz de tenerife,Contrato de Servicios,Ordinaria,Procedimiento Abierto,phi3,226.12,Otros,Otros
BOE-B-2017-59633.pdf,2017-10-01,laboratorios hartmann s.a,576683.0,EUR,servicio murciano de salud,Contrato de Suministros,Ordinaria,Procedimiento Abierto,phi3,219.06,Otros,Otros
BOE-B-2017-59970.pdf,2017-10-01,grupo nc auditores y asesores de negocio s.l.,889514.56,EUR,departamento de la vicepresidencia y de economía y hacienda,Contrato de Servicios,Ordinaria,Procedimiento Abierto,phi3,414.2,Otros,Otros
BOE-B-2017-59166.pdf,2017-10-01,s.a.u. alsina graells de auto transportes,302000.08,EUR,consell comarcal de les garrigues,Contrato de Servicios,Ordinaria,Procedimiento Abierto,phi3,234.3,Otros,Otros
BOE-B-2017-57086.pdf,2017-10-01,altia consultores s.a.,420000.0,EUR,axencia para a modernización tecnolóxica de galicia,Contrato de Servicios,Ordinaria,Procedimiento Abierto,phi3,248.01,axencia para a modernización tecnolóxica de galicia,Otros
BOE-B-2017-63061.pdf,2017-10-01,life care s.l,148830.0,EUR,ayuntamiento de villamayor,Contrato de Servicios,Ordinaria,Procedimiento Abierto,phi3,231.17,Otros,life care s.l
BOE-B-2017-61267.pdf,2017-10-01,sinergías de vigilancia y seguridad s.a.,220000.0,EUR,dirección provincial del instituto nacional de la seguridad social en toledo,Contrato de Servicios,Ordinaria,Procedimiento Abierto,phi3,201.9,Otros,Otros
BOE-B-2017-69526.pdf,2017-11-01,ute autocares acuña s.l. y autocares rosamar s.l.,284998.54,EUR,agencia pública andaluza de educación,Contrato de Servicios,Ordinaria,Procedimiento Abierto,phi3,262.84,Otros,Otros
BOE-B-2017-64434.pdf,2017-11-01,iturri,165593.05,EUR,servicio madrileño de salud,Contrato de Suministros,Ordinaria,Procedimiento Abierto,phi3,230.59,servicio madrileño de salud,Otros
BOE-B-2017-69952.pdf,2017-11-01,villasana bilbao rubio,587623.19,EUR,establecimientos residenciales para ancianos de asturias,Contrato de Servicios,Ordinaria,Procedimiento Abierto,phi3,240.43,Otros,Otros
BOE-B-2017-69982.pdf,2017-11-01,connectis itc services s.a.u.,1725000.0,EUR,gerencia de servicios sociales,Contrato de Servicios,Ordinaria,Procedimiento Abierto,phi3,286.79,Otros,Otros
BOE-B-2017-64843.pdf,2017-11-01,asociación hezi zerb,408000.0,EUR,ayuntamiento de errenteria,Contrato de Servicios,Ordinaria,Procedimiento Abierto,phi3,246.58,Otros,Otros
BOE-B-2017-68101.pdf,2017-11-01,aisman s.l.,4404709.72,EUR,consorci sanitari del maresme,Contrato de Servicios,Ordinaria,Procedimiento Abierto,phi3,242.13,Otros,Otros
BOE-B-2017-68753.pdf,2017-11-01,gilson international b.v - sucursal en españa,161641.7,EUR,universidad de cádiz,Contrato de Suministros,Ordinaria,Procedimiento Abierto,phi3,1412.89,Otros,Otros
BOE-B-2017-65261.pdf,2017-11-01,irida ibérica s.l.,411400.0,EUR,agencia estatal consejo superior de investigaciones científicas,Contrato de Suministros,Ordinaria,Procedimiento Abierto,phi3,258.3,Otros,Otros
BOE-B-2017-68478.pdf,2017-11-01,dnota medioambiente s.l,315226.78,EUR,consellería de medio ambiente y ordenación del territorio,Contrato de Servicios,Ordinaria,Procedimiento Abierto,phi3,350.65,Otros,Otros
BOE-B-2017-70536.pdf,2017-11-01,total ekip s.l.,112600.0,EUR,consejería de sanidad y políticas sociales,Contrato de Suministros,Ordinaria,Procedimiento Abierto,phi3,247.02,Otros,Otros
BOE-B-2017-70542.pdf,2017-11-01,fisher & paykel healthcare,982599.07,EUR,servicio madrileño de salud,Contrato de Suministros,Ordinaria,Procedimiento Abierto,phi3,264.84,servicio madrileño de salud,Otros
BOE-B-2017-66966.pdf,2017-11-01,limpiresol s.l,544205.56,EUR,fremap mutua colaboradora con la seguridad social n.º 61,Contrato de Servicios,Ordinaria,Procedimiento Abierto,phi3,371.65,Otros,Otros
BOE-B-2017-69509.pdf,2017-11-01,antonio matachana s.a.,396246.0,EUR,osakidetza-servicio vasco de salud,Contrato de Suministros,Ordinaria,Procedimiento Abierto,phi3,350.46,osakidetza-servicio vasco de salud,Otros
BOE-B-2017-75343.pdf,2017-12-01,segurcaixa adeslas s.a. de seguros y reaseguros,464448.0,EUR,ayuntamiento de manresa,,Ordinaria,Procedimiento Abierto,phi3,218.58,Otros,Otros
BOE-B-2017-72290.pdf,2017-12-01,aema hispánica s.l,2606049.96,EUR,consejería de medio ambiente administración local y ordenación del territorio,Contrato de Servicios,Ordinaria,Procedimiento Abierto,phi3,234.74,Otros,Otros
BOE-B-2017-71599.pdf,2017-12-01,gilead sciences s.l,3746217.89,EUR,servicio andaluz de salud,Contrato de Suministros,Ordinaria,Procedimiento Negociado,phi3,229.82,servicio andaluz de salud,gilead sciences s.l
BOE-B-2017-72301.pdf,2017-12-01,iberhospitex s.a,107478.58,EUR,servicio madrileño de salud,Contrato de Suministros,Ordinaria,Procedimiento Abierto,phi3,235.03,servicio madrileño de salud,Otros
BOE-B-2017-72333.pdf,2017-12-01,amiston s.l.u.,395722.03,EUR,universidad de almería,Contrato de Obras,Ordinaria,Procedimiento Abierto,phi3,218.24,Otros,Otros
BOE-B-2017-76552.pdf,2017-12-01,baxter s.l. c.i.f. b46012696,392590.0,EUR,consejería de sanidad servicio madrileño de salud hospital universitario puerta de hierro de majadahonda madrid,Contrato de Suministros,Ordinaria,Procedimiento Abierto,phi3,860.45,Otros,Otros
BOE-B-2017-75986.pdf,2017-12-01,indra sistemas s.a.,161600.0,EUR,nan,Contrato de Suministros,Ordinaria,Procedimiento Abierto,phi3,446.52,nan,indra sistemas s.a.
BOE-B-2017-75763.pdf,2017-12-01,audifilm grupoal software sl,536000.0,EUR,ayuntamiento de sant feliu de llobregat,Contrato de Servicios,Ordinaria,Procedimiento Abierto,phi3,210.81,Otros,Otros
BOE-B-2017-75302.pdf,2017-12-01,boston scientific ibérica s.a. (a80401821) b. braun surgical s.a. (a61123782) cardiva 2 s.l. (b80601982) biotronik spain s.a. (a28985034) hexacath españa s.l. (b62461249) imex salud s.l. (b97592000) y terumo europe españa s.l. (b83524769),143163.3,EUR,consejería de sanidad. servicio madrileño de salud,Contrato de Suministros,Ordinaria,Procedimiento Abierto,phi3,344.2,Otros,Otros
BOE-B-2017-75309.pdf,2017-12-01,pfizer sociedad limitada unipersonal,1129709.27,EUR,servicio madrileño de salud,Contrato de Suministros,Ordinaria,Procedimiento Negociado,phi3,234.14,servicio madrileño de salud,Otros
BOE-B-2017-72256.pdf,2017-12-01,ontime transporte y logística s.l.,239761.5,EUR,agencia estatal consejo superior de investigaciones científicas,Contrato de Servicios,Ordinaria,Procedimiento Abierto,phi3,226.85,Otros,Otros
BOE-B-2017-75770.pdf,2017-12-01,aura energía s.l.,968000.0,EUR,universidad de burgos,Contrato de Suministros,Ordinaria,Procedimiento Abierto,phi3,222.82,Otros,Otros
BOE-B-2017-72292.pdf,2017-12-01,livanova españa s.l.,196365.83,EUR,consejeria de sanidad servicio madrileño de salud hospital universitario severo ochoa,Contrato de Suministros,Ordinaria,Procedimiento Abierto,phi3,253.37,Otros,Otros
BOE-B-2018-2314.pdf,2018-01-01,bard de espña s.l.,164366.4,EUR,servicio madrileño de salud hospital universitario '12 de octubre',Contrato de Suministros,Ordinaria,Procedimiento Abierto,phi3,243.96,Otros,Otros
BOE-B-2018-3462.pdf,2018-01-01,chm obras e infraestructuras s.a.,1014953.41,EUR,universidad miguel hernández de elche,Contrato de Obras,Ordinaria,Procedimiento Abierto,phi3,238.72,Otros,Otros
BOE-B-2018-2912.pdf,2018-01-01,dornier medtech españa s.l.,93039.22,EUR,servicio andaluz de salud,Contrato de Servicios,Ordinaria,Procedimiento Negociado,phi3,210.78,servicio andaluz de salud,Otros
BOE-B-2018-2298.pdf,2018-01-01,autos mediterráneo s.a.,364000.0,EUR,conselleria de educación investigación cultura y deporte,Contrato de Servicios,Ordinaria,Procedimiento Abierto,phi3,275.83,Otros,Otros
BOE-B-2018-4967.pdf,2018-01-01,ute cercle territorio paisaje y arquitectura & jornet llop pastor,348480.0,EUR,generalitat valenciana,Contrato de Servicios,Ordinaria,Procedimiento Abierto,phi3,258.25,Otros,Otros
BOE-B-2018-2910.pdf,2018-01-01,sistemas integrales de medicina s.a.,1215437.0,EUR,servicio andaluz de salud,Contrato de Servicios,Ordinaria,Procedimiento Abierto,phi3,225.8,servicio andaluz de salud,Otros
BOE-B-2018-3380.pdf,2018-01-01,mba incorporado s.l.; intersurgical españa s.l.; medtronic ibérica s.a.; johnson & johnson s.a.; suministros hospitalarios s.a.,196565.77,EUR,servicio andaluz de salud,Contrato de Suministros,Ordinaria,Procedimiento Abierto,phi3,257.23,servicio andaluz de salud,Otros
BOE-B-2018-1250.pdf,2018-01-01,life care s.l,279513.45,EUR,consejería de sanidad y políticas sociales,Contrato de Suministros,Ordinaria,Procedimiento Abierto,phi3,245.37,Otros,life care s.l
BOE-B-2018-2334.pdf,2018-01-01,salvador escartí c.s. s.l.,312961.66,EUR,ayuntamiento de sax,Contrato de Servicios,Ordinaria,Procedimiento Abierto,phi3,199.14,Otros,Otros
BOE-B-2018-3401.pdf,2018-01-01,flores valles s.a,1022000.0,EUR,servicio madrileño de salud hospital clínico san carlos,Contrato de Suministros,Urgente,Procedimiento Abierto,phi3,231.63,Otros,Otros
BOE-B-2018-3487.pdf,2018-01-01,dekra ambio s.a.u.,190000.0,EUR,tractament i selecció de residus s.a.,Contrato de Servicios,Ordinaria,Procedimiento Abierto,phi3,241.33,Otros,Otros
BOE-B-2018-5305.pdf,2018-01-01,acciona industrial s.a.,427566.2,EUR,autoridad portuaria de santa cruz de tenerife,Contrato de Obras,Ordinaria,Procedimiento Abierto,phi3,214.77,Otros,Otros
BOE-B-2018-4958.pdf,2018-01-01,nan,15426497.54,EUR,servicio galego de saúde. xerencia de xestión integrada de santiago de compostela,Contrato de Servicios,Ordinaria,Procedimiento Abierto,phi3,331.74,Otros,nan
BOE-B-2018-214.pdf,2018-01-01,ute portmany,64074859.6,EUR,junta de gobierno,Contrato de Servicios,Ordinaria,Procedimiento Abierto,phi3,223.69,Otros,Otros
BOE-B-2018-5336.pdf,2018-01-01,tecnomédica andaluza sca,563111.92,EUR,servicio andaluz de salud,Contrato de Suministros,Ordinaria,Procedimiento Abierto,phi3,213.09,servicio andaluz de salud,Otros
BOE-B-2018-8092.pdf,2018-02-01,varios adjudicatarios,39146182.24,EUR,consejería de políticas sociales y familia,,Ordinaria,Procedimiento Abierto,phi3,265.17,Otros,Otros
BOE-B-2018-10627.pdf,2018-02-01,transit projectes s.l.,708698.06,EUR,ayuntamiento de barcelona-distrito de sant martí,Contrato de Servicios,Ordinaria,Procedimiento Abierto,phi3,209.16,Otros,Otros
BOE-B-2018-11683.pdf,2018-02-01,nex continental holdings s.l.u.,0.0,EUR,dirección general de transporte terestre,,Ordinaria,Procedimiento Abierto,phi3,246.55,Otros,Otros
BOE-B-2018-10552.pdf,2018-02-01,segurlem s.l.,217468.46,EUR,nan,Contrato de Servicios,Ordinaria,Procedimiento Abierto,phi3,648.2,nan,Otros
BOE-B-2018-12127.pdf,2018-02-01,vifor phama españa sociedad limitada,246317.7,EUR,servicio madrileño de salud,Contrato de Suministros,Ordinaria,Procedimiento Negociado,phi3,245.31,servicio madrileño de salud,Otros
BOE-B-2018-7521.pdf,2018-02-01,unitronics comunicaciones s.a.,843619.21,EUR,instituto municipal de informática de barcelona,Contrato de Suministros,Ordinaria,Procedimiento Abierto,phi3,221.45,Otros,Otros
BOE-B-2018-9719.pdf,2018-02-01,protección vial s.l.,70000.0,EUR,ayuntamiento de ourense,Contrato de Servicios,Ordinaria,Procedimiento Abierto,phi3,209.64,Otros,Otros
BOE-B-2018-8091.pdf,2018-02-01,kl-1 mobiliario de oficina s.l.,130208.1,EUR,presidencia justicia y portavocía del gobierno,Contrato de Suministros,Urgente,Procedimiento Abierto,phi3,225.07,Otros,Otros
BOE-B-2018-6444.pdf,2018-02-01,sanofi-aventis sociedad anónima,1864846.26,EUR,servicio madrileño de salud,Contrato de Suministros,Ordinaria,Procedimiento Negociado,phi3,224.05,servicio madrileño de salud,Otros
BOE-B-2018-6414.pdf,2018-02-01,boston scientific ibérica s.a,171030.0,EUR,consorci sanitari integral,Contrato de Suministros,Ordinaria,Procedimiento Abierto,phi3,237.67,Otros,Otros
BOE-B-2018-8050.pdf,2018-02-01,gilead sciences s.l,1575158.4,EUR,osakidetza-servicio vasco de salud,Contrato de Suministros,Urgente,Procedimiento Negociado,phi3,255.28,osakidetza-servicio vasco de salud,gilead sciences s.l
BOE-B-2018-5850.pdf,2018-02-01,soldene sociedad anónima y lote 2: innova coptalia sociedad anónima unipersonal,238253.96,EUR,diputación de barcelona,Contrato de Servicios,Ordinaria,Procedimiento Abierto,phi3,270.61,Otros,Otros
BOE-B-2018-6388.pdf,2018-02-01,tompla industria internacional del sobre s.l.,164245.4,EUR,tgss-unidad de contratación de la subdirección general de patrimonio y contratación,Contrato de Suministros,Ordinaria,Procedimiento Abierto,phi3,218.49,Otros,Otros
BOE-B-2018-19120.pdf,2018-03-01,baxter s.l,954646.91,EUR,consorci sanitari de terrassa,Contrato de Suministros,Ordinaria,Procedimiento Abierto,phi3,227.78,Otros,Otros
BOE-B-2018-13975.pdf,2018-03-01,amgen s.a,1920000.4,EUR,consejería de sanidad servicio madrileño de salud hospital universitario puerta de hierro de majadahonda,Contrato de Suministros,Ordinaria,Procedimiento Negociado,phi3,252.78,Otros,Otros
BOE-B-2018-15581.pdf,2018-03-01,garbialdi s.a.,19626200.0,EUR,organización sanitaria integrada bilbao-basurto osakidetza,Contrato de Servicios,Ordinaria,Procedimiento Abierto,phi3,256.75,Otros,Otros
BOE-B-2018-18845.pdf,2018-03-01,centro de medicina el abedul sl,345631.94,EUR,ayuntamiento de collado villalba,,Urgente,Procedimiento Abierto,phi3,235.54,Otros,Otros
BOE-B-2018-17656.pdf,2018-03-01,servicios electrónicos s.l.,239996.72,EUR,cabildo de gran canaria,Contrato de Suministros,Urgente,Procedimiento Abierto,phi3,205.18,Otros,Otros
BOE-B-2018-13504.pdf,2018-03-01,ver perfil del contratante,465303.81,EUR,nan,Contrato de Servicios,Ordinaria,Procedimiento Abierto,phi3,397.96,nan,Otros
BOE-B-2018-12373.pdf,2018-03-01,menarini diagnósticos s.a,133342.0,EUR,nan,Contrato de Suministros,Ordinaria,Procedimiento Abierto,phi3,373.18,nan,Otros
BOE-B-2018-19124.pdf,2018-03-01,econocom servicios s.a,695761.81,EUR,axencia para a modernización tecnolóxica de galicia,Contrato de Servicios,Ordinaria,Procedimiento Abierto,phi3,236.44,axencia para a modernización tecnolóxica de galicia,Otros
BOE-B-2018-16146.pdf,2018-03-01,diseño y técnicas gráficas de extremadura tecnigraf s.a.u.,180636.93,EUR,consejería de hacienda y administración pública,Contrato de Servicios,Ordinaria,Procedimiento Abierto,phi3,238.3,Otros,Otros
BOE-B-2018-15619.pdf,2018-03-01,syesve sociedad anónima laboral,520000.0,EUR,ayuntamiento de león,Contrato de Suministros,Ordinaria,Procedimiento Abierto,phi3,209.59,Otros,Otros
BOE-B-2018-24627.pdf,2018-04-01,abd asociación bienestar y desarrollo,1049138.1,EUR,ayuntamiento de madrid,Contrato de Servicios,Ordinaria,Procedimiento Abierto,phi3,305.8,ayuntamiento de madrid,Otros
BOE-B-2018-19931.pdf,2018-04-01,isomed s.l,146259.2,EUR,corporació sanitària parc taulí,Contrato de Suministros,Ordinaria,Procedimiento Abierto,phi3,231.04,Otros,Otros
BOE-B-2018-24631.pdf,2018-04-01,institute of electrical & electronic engineers,903442.1,EUR,consorci de serveis universitaris de catalunya (csuc),Contrato de Servicios,Ordinaria,Procedimiento Negociado,phi3,242.46,Otros,Otros
BOE-B-2018-22155.pdf,2018-04-01,asociación para el desarrollo y la promoción social adespro,619864.23,EUR,ayuntamiento de madrid,Contrato de Servicios,Ordinaria,Procedimiento Abierto,phi3,225.28,ayuntamiento de madrid,Otros
BOE-B-2018-24930.pdf,2018-04-01,informática el corte inglés s.a,450808.54,EUR,informática del ayuntamiento de madrid,Contrato de Servicios,Ordinaria,Procedimiento Abierto,phi3,224.12,Otros,Otros
BOE-B-2018-21604.pdf,2018-04-01,bausch & lomb s.a. alcon cusí s.a,3456631.2,EUR,servicio andaluz de salud. complejo hospitalario universitario de córdoba.,Contrato de Suministros,Ordinaria,Procedimiento Abierto,phi3,265.61,Otros,Otros
BOE-B-2018-23904.pdf,2018-04-01,teva pharma s.l.u,1011456.0,EUR,osakidetza-servicio vasco de salud,Contrato de Suministros,Urgente,Procedimiento Negociado,phi3,236.52,osakidetza-servicio vasco de salud,Otros
BOE-B-2018-21614.pdf,2018-04-01,servicios integrales unitecnic s.l.u.,191000.0,EUR,universitat pompeu fabra,Contrato de Servicios,Ordinaria,Procedimiento Abierto,phi3,237.3,Otros,Otros
BOE-B-2018-23388.pdf,2018-04-01,merck sharp&dohme de españa s.a.,1737835.2,EUR,servicio madrileño de salud hospital clínico san carlos,Contrato de Suministros,Ordinaria,Procedimiento Negociado,phi3,258.02,Otros,Otros
BOE-B-2018-23390.pdf,2018-04-01,abbott laboratories s.a,1253867.72,EUR,hospital universitario ramón y cajal,Contrato de Suministros,Ordinaria,Procedimiento Abierto,phi3,236.36,Otros,Otros
BOE-B-2018-22151.pdf,2018-04-01,internna technologies s.l.,619864.23,EUR,ayuntamiento de madrid,Contrato de Servicios,Ordinaria,Procedimiento Abierto,phi3,219.67,ayuntamiento de madrid,Otros
BOE-B-2018-22842.pdf,2018-04-01,kloe s.a.; leybold hispánica s.a.,326579.0,EUR,nan,Contrato de Suministros,Ordinaria,Procedimiento Abierto,phi3,564.66,nan,Otros
BOE-B-2018-28476.pdf,2018-05-01,frutas barreiro s.l,137766.72,EUR,servizo galego de saúde,Contrato de Suministros,Ordinaria,Procedimiento Abierto,phi3,217.16,Otros,Otros
BOE-B-2018-25983.pdf,2018-05-01,coloplast productos médicos s.a.,151921.0,EUR,servicio madrileño de salud,Contrato de Suministros,Ordinaria,Procedimiento Abierto,phi3,221.45,servicio madrileño de salud,Otros
BOE-B-2018-27994.pdf,2018-05-01,neoris españa sociedad limitada,413820.0,EUR,mutua universal mugenat mutua colaboradora con la seguridad social n.º 10,Contrato de Servicios,Ordinaria,Procedimiento Abierto,phi3,245.75,Otros,Otros
BOE-B-2018-26219.pdf,2018-05-01,optima facility services sl,778258.69,EUR,ayuntamiento de reus,Contrato de Servicios,Ordinaria,Procedimiento Abierto,phi3,303.67,Otros,Otros
BOE-B-2018-27321.pdf,2018-05-01,taisa syvalue s.l.,605000.0,EUR,fremap mutua colaboradora con la seguridad social n.º 61,Contrato de Suministros,Ordinaria,Procedimiento Negociado,phi3,253.57,Otros,Otros
BOE-B-2018-25970.pdf,2018-05-01,estudios del noroeste s.a.,271180.26,EUR,consellería del medio rural,,Ordinaria,Procedimiento Abierto,phi3,249.79,Otros,Otros
BOE-B-2018-27969.pdf,2018-05-01,servicios obras y limpiezas s.a.,111706.56,EUR,ayuntamiento de reus,Contrato de Servicios,Ordinaria,Procedimiento Abierto,phi3,196.91,Otros,Otros
BOE-B-2018-29464.pdf,2018-05-01,sainsel sistemas navales sociedad anónima,350000.0,EUR,dirección de abastecimiento y transportes,Contrato de Servicios,Ordinaria,Procedimiento Negociado,phi3,240.24,Otros,Otros
BOE-B-2018-33322.pdf,2018-06-01,caixabank equipment finance s.a.u.,5563008.11,EUR,vicepresidencia consejería de presidencia y portavocía del gobierno,Contrato de Suministros,Ordinaria,Procedimiento Abierto,phi3,701.87,Otros,Otros
BOE-B-2018-35562.pdf,2018-06-01,flomeyca sa,280000.0,EUR,ayuntamiento de leganés,Contrato de Servicios,Ordinaria,Procedimiento Abierto,phi3,570.2,Otros,Otros
BOE-B-2018-31676.pdf,2018-06-01,osga levante sociedad limitada,235014.96,EUR,dirección provincial de la tesorería general de la seguridad social,Contrato de Servicios,Ordinaria,Procedimiento Abierto,phi3,221.76,Otros,Otros
BOE-B-2018-30988.pdf,2018-06-01,cruz roja española,265000.0,EUR,ayuntamiento de a coruña,Contrato de Servicios,Ordinaria,Procedimiento Abierto,phi3,239.22,Otros,Otros
BOE-B-2018-33342.pdf,2018-06-01,ingeniería e integración avanzadas (ingenia) s.a.,726000.0,EUR,universidad de murcia,Contrato de Suministros,Ordinaria,Procedimiento Abierto,phi3,221.38,Otros,Otros
BOE-B-2018-35122.pdf,2018-06-01,janssen cilag s.a.,2044467.69,EUR,consejeria de sanidad servicio madrileño de salud hospital universitario severo ochoa,Contrato de Suministros,Ordinaria,Procedimiento Negociado,phi3,256.82,Otros,Otros
BOE-B-2018-33716.pdf,2018-06-01,bilbao compañía anónima de seguros y reaseguros s.a.,1982000.0,EUR,ayuntamiento de getxo,Contrato de Servicios,Ordinaria,Procedimiento Abierto,phi3,230.74,Otros,Otros
BOE-B-2018-33813.pdf,2018-06-01,estudios y trabajos forestales s.l. (estrafo s.l.),1371558.24,EUR,consejería de fomento y medio ambiente,Contrato de Servicios,Urgente,Procedimiento Abierto,phi3,309.11,Otros,Otros
BOE-B-2018-31196.pdf,2018-06-01,volvo group españa s.a.u.,370000.0,EUR,consorcio provincial de medio ambiente de albacete,Contrato de Suministros,Ordinaria,Procedimiento Abierto,phi3,226.06,Otros,Otros
BOE-B-2018-32392.pdf,2018-06-01,cartuja inmobiliaria sau,7511496.06,EUR,instituto municipal de l'habitatge i rehabilitació de barcelona,Contrato de Obras,Ordinaria,Procedimiento Abierto,phi3,214.79,Otros,Otros
BOE-B-2018-35018.pdf,2018-06-01,ipsen pharma s.a.,164608.2,EUR,servicio andaluz de salud,Contrato de Suministros,Ordinaria,Procedimiento Negociado,phi3,252.3,servicio andaluz de salud,Otros
BOE-B-2018-30470.pdf,2018-06-01,pharma mar s.a.,164504.32,EUR,servicio madrileño de salud hospital clínico san carlos,Contrato de Suministros,Ordinaria,Procedimiento Negociado,phi3,301.53,Otros,Otros
BOE-B-2018-39336.pdf,2018-07-01,el corte inglés s.a.,181801.53,EUR,ayuntamiento de marbella,Contrato de Obras,Ordinaria,Procedimiento Abierto,phi3,214.11,Otros,Otros
BOE-B-2018-38097.pdf,2018-07-01,moreno de vega s.l.u.; autobuses el pilar s.a.; autobuses salmantinos s.l,306251.0,EUR,complejo asistencial universitario de salamanca,Contrato de Servicios,Ordinaria,Procedimiento Abierto,phi3,250.57,Otros,Otros
BOE-B-2018-38562.pdf,2018-07-01,munalra consultores informáticos s.l.,254100.0,EUR,ayuntamiento de murcia,Contrato de Servicios,Ordinaria,Procedimiento Abierto,phi3,219.37,Otros,Otros
BOE-B-2018-38728.pdf,2018-07-01,tu rueda s.l.,296183.8,EUR,agencia de medio ambiente y agua de andalucía,Contrato de Suministros,Ordinaria,Procedimiento Abierto,phi3,224.05,Otros,Otros
BOE-B-2018-36183.pdf,2018-07-01,bayer hispania s.l,194097.2,EUR,servicio andaluz de salud,Contrato de Suministros,Ordinaria,Procedimiento Negociado,phi3,230.25,servicio andaluz de salud,Otros
BOE-B-2018-38727.pdf,2018-07-01,tempo facility services s.l.,268620.0,EUR,departamento de justicia de la generalidad de cataluña,Contrato de Servicios,Ordinaria,Procedimiento Abierto,phi3,256.99,Otros,Otros
BOE-B-2018-38103.pdf,2018-07-01,iniciatives i programes s. l.,693739.32,EUR,ayuntamiento de barcelona,Contrato de Servicios,Ordinaria,Procedimiento Abierto,phi3,234.49,Otros,Otros
BOE-B-2018-36837.pdf,2018-07-01,aura energía s.l.,359393.0,EUR,ayuntamiento de reus,Contrato de Suministros,Ordinaria,Procedimiento Abierto,phi3,267.25,Otros,Otros
BOE-B-2018-37921.pdf,2018-07-01,fundación diagrama intervención psicosocial,8787662.4,EUR,vicepresidencia y consellería de igualdad y políticas inclusivas,Contrato de Servicios,Ordinaria,Procedimiento Abierto,phi3,240.56,Otros,Otros
BOE-B-2018-37743.pdf,2018-07-01,besernet sl.,1611978.81,EUR,ayuntamiento de reus,,Ordinaria,Procedimiento Abierto,phi3,219.39,Otros,Otros
BOE-B-2018-40590.pdf,2018-08-01,iman seguridad s.a,99795.24,EUR,departamento de la vicepresidencia y de economía y hacienda,Contrato de Servicios,Ordinaria,Procedimiento Abierto,phi3,248.88,Otros,Otros
BOE-B-2018-40306.pdf,2018-08-01,reddy pharma iberia s.a. c.i.f.: a-84702844; fresenius kabi españa s.a. c.i.f.: a-08130502; laboratorios ranbaxy s.l.u. c.i.f.: b-63424444; laboratorios normon s.a. c.i.f.: a-28456820; accord healthcare s.l.u. c.i.f.: b-65112930; teva pharma s.l.u. c.i.f.: b-83959379; viso farmacéutica s.l.u. c.i.f.: b-87283438,787698.12,EUR,consejería de sanidad servicio madrileño de salud hospital universitario puerta de hierro de majadahonda,Contrato de Suministros,Ordinaria,Procedimiento Abierto,phi3,449.41,Otros,Otros
BOE-B-2018-39807.pdf,2018-08-01,acciona construcción s.a.,49479264.23,EUR,consejería de fomento y medio ambiente,Contrato de Servicios,Ordinaria,Procedimiento Abierto,phi3,351.59,Otros,Otros
BOE-B-2018-40094.pdf,2018-08-01,biomencos.l. prim s.a. cardiovasccieral t.s.s.l. biotronik s.a.,4612399.0,EUR,servicio murciano de salud,Contrato de Suministros,Ordinaria,Procedimiento Abierto,phi3,234.17,Otros,Otros
BOE-B-2018-40299.pdf,2018-08-01,nan,1421278.1,EUR,departamento de empresa y conocimiento,Contrato de Servicios,Ordinaria,Procedimiento Abierto,phi3,444.58,Otros,nan
BOE-B-2018-40862.pdf,2018-08-01,josé llinas carmona,365088.04,EUR,consejería de territorio energía y movilidad,Contrato de Servicios,Ordinaria,Procedimiento Abierto,phi3,225.72,Otros,Otros
BOE-B-2018-44411.pdf,2018-09-01,cruz roja española comité provincial de valencia,1280000.0,EUR,ayuntamiento de ávila,Contrato de Servicios,Ordinaria,Procedimiento Abierto,phi3,238.04,Otros,Otros
BOE-B-2018-44161.pdf,2018-09-01,asociación bizgarri para la intervención social de bilbao,4601190.0,EUR,diputación foral de bizkaia,Contrato de Servicios,Ordinaria,Procedimiento Abierto,phi3,238.22,Otros,Otros
BOE-B-2018-42132.pdf,2018-09-01,smith & nephew s.a.u.,443570.82,EUR,hospital clínic de barcelona,Contrato de Suministros,Ordinaria,Procedimiento Abierto,phi3,215.21,Otros,Otros
BOE-B-2018-42843.pdf,2018-09-01,prosegur soluciones integrales de españa sl,630299.51,EUR,universidad de lleida,Contrato de Servicios,Ordinaria,Procedimiento Abierto,phi3,225.36,Otros,Otros
BOE-B-2018-41910.pdf,2018-09-01,arantec enginheria s.l.,300648.7,EUR,consellería de medio ambiente y ordenación del territorio,Contrato de Suministros,Ordinaria,Procedimiento Abierto,phi3,226.45,Otros,Otros
BOE-B-2018-44823.pdf,2018-09-01,emilio carreño s.l.,562670.16,EUR,servicio andaluz de salud,Contrato de Suministros,Ordinaria,Procedimiento Abierto,phi3,227.87,servicio andaluz de salud,Otros
BOE-B-2018-42025.pdf,2018-09-01,the lab media & advertising s.l.,162140.0,EUR,universidad internacional menéndez pelayo,Contrato de Servicios,Ordinaria,Procedimiento Abierto,phi3,231.26,Otros,Otros
BOE-B-2018-45788.pdf,2018-09-01,stryker iberia s.l. conmed iberia s.l.,787840.9,EUR,agencia pública empresarial sanitaria hospital alto guadalquivir,Contrato de Suministros,Ordinaria,Procedimiento Abierto,phi3,238.29,Otros,Otros
BOE-B-2018-49503.pdf,2018-10-01,serunion s.a,348450.96,EUR,vicepresidencia y consellería de igualdad y políticas inclusivas,Contrato de Servicios,Ordinaria,Procedimiento Abierto,phi3,224.39,Otros,Otros
BOE-B-2018-50265.pdf,2018-10-01,exactech ibérica s.l.,111490.15,EUR,servicio andaluz de salud,Contrato de Suministros,Ordinaria,Procedimiento Abierto,phi3,222.6,servicio andaluz de salud,Otros
BOE-B-2018-47798.pdf,2018-10-01,life care s.l,1044472.0,EUR,consellería de cultura educación y ordenación universitaria,Contrato de Servicios,Ordinaria,Procedimiento Abierto,phi3,439.96,Otros,life care s.l
BOE-B-2018-47001.pdf,2018-10-01,emma bermúdez cociña,79700.0,EUR,municipalité de viveiro,Contrato de Servicios,Ordinaria,Procedimiento Abierto,phi3,277.64,Otros,Otros
BOE-B-2018-52664.pdf,2018-11-01,shire pharmaceuticals ibérica s.l.; janssen-cilag s.a.; biogen spain s.l.; teva pharma s.l.; merck s.l.; celgene s.l.; aurovitas spain s.a.u.,4363246.06,EUR,servicio andaluz de salud,Contrato de Suministros,Ordinaria,Procedimiento Negociado,phi3,259.11,servicio andaluz de salud,Otros
BOE-B-2018-54059.pdf,2018-11-01,asprodes feaps salamanca s.l.u.,421647.06,EUR,ayuntamiento de salamanca,Contrato de Servicios,Ordinaria,Procedimiento Abierto,phi3,238.9,Otros,Otros
BOE-B-2018-52674.pdf,2018-11-01,clima educación infantil s.l.,3822471.75,EUR,ayuntamiento de leganés,,Ordinaria,Procedimiento Abierto,phi3,212.72,Otros,Otros
BOE-B-2018-54064.pdf,2018-11-01,ferrovial agroman s.a.,2509976.08,EUR,universidad miguel hernández de elche,Contrato de Obras,Ordinaria,Procedimiento Abierto,phi3,209.88,Otros,Otros
BOE-B-2018-60848.pdf,2018-12-01,dicode suministros s.l.,262768.44,EUR,universidad de cádiz,Contrato de Suministros,Ordinaria,Procedimiento Abierto,phi3,294.08,Otros,Otros
